time_s,position_cm,velocity_cm_s,command_angle_deg,motor_angle_deg,acceleration_mps2,step,waypoint
0.0050,0.00000,0.00000,7.4677,0.5000,0.000000,leg1_drive,0
0.0100,0.00001,0.00229,7.4677,1.0000,0.004588,leg1_drive,0
0.0150,0.00019,0.03515,7.4677,1.5000,0.065711,leg1_drive,0
0.0200,0.00068,0.09832,7.4677,1.9973,0.126332,leg1_drive,0
0.0250,0.00162,0.18917,7.4677,2.4532,0.181711,leg1_drive,0
0.0300,0.00315,0.30531,7.4677,2.8710,0.232283,leg1_drive,0
0.0350,0.00537,0.44454,7.4677,3.2541,0.278450,leg1_drive,0
0.0400,0.00840,0.60483,7.4677,3.6052,0.320579,leg1_drive,0
0.0450,0.01232,0.78433,7.4677,3.9271,0.359006,leg1_drive,0
0.0500,0.01723,0.98135,7.4677,4.2222,0.394042,leg1_drive,0
0.0550,0.02320,1.19434,7.4677,4.4926,0.425971,leg1_drive,0
0.0600,0.03031,1.42186,7.4677,4.7405,0.455052,leg1_drive,0
0.0650,0.03862,1.66262,7.4677,4.9678,0.481525,leg1_drive,0
0.0700,0.04820,1.91543,7.4677,5.1761,0.505607,leg1_drive,0
0.0750,0.05909,2.17918,7.4677,5.3671,0.527501,leg1_drive,0
0.0800,0.07136,2.45287,7.4677,5.5421,0.547388,leg1_drive,0
0.0850,0.08504,2.73559,7.4677,5.7026,0.565438,leg1_drive,0
0.0900,0.10017,3.02649,7.4677,5.8497,0.581805,leg1_drive,0
0.0950,0.11679,3.32481,7.4677,5.9845,0.596630,leg1_drive,0
0.1000,0.13494,3.62983,7.4677,6.1081,0.610042,leg1_drive,0
0.1050,0.15465,3.94091,7.4677,6.2214,0.622161,leg1_drive,0
0.1100,0.17593,4.25746,7.4677,6.3253,0.633094,leg1_drive,0
0.1150,0.19883,4.57893,7.4677,6.4205,0.642942,leg1_drive,0
0.1200,0.22335,4.90483,7.4677,6.5077,0.651795,leg1_drive,0
0.1250,0.24953,5.23470,7.4677,6.5877,0.659738,leg1_drive,0
0.1300,0.27737,5.56812,7.4677,6.6611,0.666846,leg1_drive,0
0.1350,0.30689,5.90471,7.4677,6.7283,0.673190,leg1_drive,0
0.1400,0.33811,6.24413,7.4677,6.7899,0.678834,leg1_drive,0
0.1450,0.37104,6.58605,7.4677,6.8464,0.683838,leg1_drive,0
0.1500,0.40569,6.93018,7.4677,6.8982,0.688254,leg1_drive,0
0.1550,0.44207,7.27624,7.4677,6.9456,0.692133,leg1_drive,0
0.1600,0.48019,7.62400,7.4677,6.9891,0.695520,leg1_drive,0
0.1650,0.52006,7.97323,7.4677,7.0290,0.698457,leg1_drive,0
0.1700,0.56168,8.32372,7.4677,7.0656,0.700981,leg1_drive,0
0.1750,0.60505,8.67529,7.4677,7.0991,0.703127,leg1_drive,0
0.1800,0.65019,9.02775,7.4677,7.1298,0.704928,leg1_drive,0
0.1850,0.69710,9.38096,7.4677,7.1580,0.706412,leg1_drive,0
0.1900,0.74577,9.73476,7.4677,7.1838,0.707607,leg1_drive,0
0.1950,0.79622,10.08903,7.4677,7.2074,0.708537,leg1_drive,0
0.2000,0.84843,10.44364,7.4677,7.2291,0.709225,leg1_drive,0
0.2050,0.90243,10.79849,7.4677,7.2490,0.709691,leg1_drive,0
0.2100,0.95819,11.15346,7.4677,7.2672,0.709954,leg1_drive,0
0.2150,1.01574,11.50848,7.4677,7.2839,0.710032,leg1_drive,0
0.2200,1.07505,11.86345,7.4677,7.2992,0.709941,leg1_drive,0
0.2250,1.13615,12.21830,7.4677,7.3133,0.709694,leg1_drive,0
0.2300,1.19885,12.54177,-2.2530,6.8133,0.646952,leg1_brake,0
0.2350,1.26302,12.83394,-2.2530,6.3133,0.584329,leg1_brake,0
0.2400,1.32850,13.09485,-2.2530,5.8133,0.521828,leg1_brake,0
0.2450,1.39512,13.32458,-2.2530,5.3133,0.459453,leg1_brake,0
0.2500,1.46274,13.52318,-2.2530,4.8133,0.397210,leg1_brake,0
0.2550,1.53119,13.69073,-2.2530,4.3133,0.335102,leg1_brake,0
0.2600,1.60033,13.82730,-2.2530,3.8133,0.273133,leg1_brake,0
0.2650,1.66999,13.93295,-2.2530,3.3133,0.211309,leg1_brake,0
0.2700,1.74004,14.00998,-2.2530,2.8494,0.154049,leg1_brake,0
0.2750,1.81035,14.06081,-2.2530,2.4242,0.101657,leg1_brake,0
0.2800,1.88078,14.08767,-2.2530,2.0345,0.053732,leg1_brake,0
0.2850,1.95125,14.09262,-2.2530,1.6772,0.009903,leg1_brake,0
0.2900,2.02164,14.07754,-2.2530,1.3497,-0.030169,leg1_brake,0
0.2950,2.09186,14.04414,-2.2530,1.0494,-0.066794,leg1_brake,0
0.3000,2.16183,13.99401,-2.2530,0.7742,-0.100260,leg1_brake,0
0.3050,2.23147,13.92860,-2.2530,0.5220,-0.130830,leg1_brake,0
0.3100,2.30072,13.84923,-2.2530,0.2907,-0.158744,leg1_brake,0
0.3150,2.36950,13.75711,-2.2530,0.0787,-0.184224,leg1_brake,0
0.3200,2.43777,13.65338,-2.2530,-0.1156,-0.207473,leg1_brake,0
0.3250,2.50546,13.53904,-2.2530,-0.2937,-0.228677,leg1_brake,0
0.3300,2.57254,13.41504,-2.2530,-0.4570,-0.248007,leg1_brake,0
0.3350,2.63895,13.28223,-2.2530,-0.6066,-0.265619,leg1_brake,0
0.3400,2.70466,13.14140,-2.2530,-0.7438,-0.281657,leg1_brake,0
0.3450,2.76962,12.99327,-2.2530,-0.8696,-0.296253,leg1_brake,0
0.3500,2.83382,12.83851,-2.2530,-0.9849,-0.309526,leg1_brake,0
0.3550,2.89720,12.67771,-2.2530,-1.0906,-0.321589,leg1_brake,0
0.3600,2.95976,12.51144,-2.2530,-1.1874,-0.332541,leg1_brake,0
0.3650,3.02146,12.34021,-2.2530,-1.2762,-0.342476,leg1_brake,0
0.3700,3.08228,12.16447,-2.2530,-1.3576,-0.351479,leg1_brake,0
0.3750,3.14221,11.98465,-2.2530,-1.4322,-0.359628,leg1_brake,0
0.3800,3.20121,11.80115,-2.2530,-1.5006,-0.366995,leg1_brake,0
0.3850,3.25928,11.61433,-2.2530,-1.5633,-0.373644,leg1_brake,0
0.3900,3.31641,11.42451,-2.2530,-1.6208,-0.379637,leg1_brake,0
0.3950,3.37257,11.23200,-2.2530,-1.6735,-0.385028,leg1_brake,0
0.4000,3.42775,11.03707,-2.2530,-1.7218,-0.389868,leg1_brake,0
0.4050,3.48195,10.83996,-2.2530,-1.7660,-0.394203,leg1_brake,0
0.4100,3.53516,10.64093,-2.2530,-1.8066,-0.398075,leg1_brake,0
0.4150,3.58736,10.44017,-2.2530,-1.8438,-0.401523,leg1_brake,0
0.4200,3.63855,10.23787,-2.2530,-1.8779,-0.404583,leg1_brake,0
0.4250,3.68872,10.03423,-2.2530,-1.9092,-0.407287,leg1_brake,0
0.4300,3.73787,9.82940,-2.2530,-1.9378,-0.409666,leg1_brake,0
0.4350,3.78598,9.62352,-2.2530,-1.9641,-0.411747,leg1_brake,0
0.4400,3.83307,9.41675,-2.2530,-1.9882,-0.413554,leg1_brake,0
0.4450,3.87911,9.20919,-2.2530,-2.0102,-0.415112,leg1_brake,0
0.4500,3.92412,9.00097,-2.2530,-2.0305,-0.416440,leg1_brake,0
0.4550,3.96808,8.79219,-2.2530,-2.0490,-0.417560,leg1_brake,0
0.4600,4.01099,8.58295,-2.2530,-2.0660,-0.418487,leg1_brake,0
0.4650,4.05286,8.37333,-2.2530,-2.0816,-0.419239,leg1_brake,0
0.4700,4.09368,8.16341,-2.2530,-2.0959,-0.419830,leg1_brake,0
0.4750,4.13344,7.95328,-2.2530,-2.1090,-0.420274,leg1_brake,0
0.4800,4.17216,7.74298,-2.2530,-2.1210,-0.420584,leg1_brake,0
0.4850,4.20982,7.53260,-2.2530,-2.1320,-0.420770,leg1_brake,0
0.4900,4.24643,7.32218,-2.2530,-2.1421,-0.420845,leg1_brake,0
0.4950,4.28199,7.11177,-2.2530,-2.1513,-0.420816,leg1_brake,0
0.5000,4.31650,6.90142,-2.2530,-2.1598,-0.420693,leg1_brake,0
0.5050,4.34995,6.69118,-2.2530,-2.1675,-0.420485,leg1_brake,0
0.5100,4.38236,6.48108,-2.2530,-2.1747,-0.420198,leg1_brake,0
0.5150,4.41372,6.27116,-2.2530,-2.1812,-0.419839,leg1_brake,0
0.5200,4.44402,6.06145,-2.2530,-2.1872,-0.419415,leg1_brake,0
0.5250,4.47328,5.85199,-2.2530,-2.1927,-0.418932,leg1_brake,0
0.5300,4.50150,5.64279,-2.2530,-2.1977,-0.418393,leg1_brake,0
0.5350,4.52867,5.43389,-2.2530,-2.2023,-0.417805,leg1_brake,0
0.5400,4.55479,5.22530,-2.2530,-2.2065,-0.417172,leg1_brake,0
0.5450,4.57988,5.01705,-2.2530,-2.2104,-0.416498,leg1_brake,0
0.5500,4.60392,4.80916,-2.2530,-2.2139,-0.415786,leg1_brake,0
0.5550,4.62693,4.60164,-2.2530,-2.2172,-0.415040,leg1_brake,0
0.5600,4.64890,4.39451,-2.2530,-2.2202,-0.414263,leg1_brake,0
0.5650,4.66984,4.18778,-2.2530,-2.2229,-0.413457,leg1_brake,0
0.5700,4.68975,3.98147,-2.2530,-2.2254,-0.412626,leg1_brake,0
0.5750,4.70869,3.78704,0.0000,-2.0400,-0.388849,leg1_settle,1
0.5800,4.72670,3.60353,0.0000,-1.8700,-0.367020,leg1_settle,1
0.5850,4.74385,3.43004,0.0000,-1.7141,-0.346979,leg1_settle,1
0.5900,4.76018,3.26576,0.0000,-1.5713,-0.328577,leg1_settle,1
0.5950,4.77573,3.10992,0.0000,-1.4404,-0.311677,leg1_settle,1
0.6000,4.79054,2.96184,0.0000,-1.3203,-0.296156,leg1_settle,1
0.6050,4.80465,2.82089,0.0000,-1.2103,-0.281899,leg1_settle,1
0.6100,4.81808,2.68649,0.0000,-1.1094,-0.268800,leg1_settle,1
0.6150,4.83087,2.55811,0.0000,-1.0170,-0.256763,leg1_settle,1
0.6200,4.84305,2.43526,0.0000,-0.9322,-0.245700,leg1_settle,1
0.6250,4.85463,2.31749,0.0000,-0.8546,-0.235531,leg1_settle,1
0.6300,4.86565,2.20440,0.0000,-0.7833,-0.226180,leg1_settle,1
0.6350,4.87613,2.09561,0.0000,-0.7181,-0.217580,leg1_settle,1
0.6400,4.88609,1.99078,0.0000,-0.6582,-0.209668,leg1_settle,1
0.6450,4.89553,1.88959,0.0000,-0.6034,-0.202387,leg1_settle,1
0.6500,4.90449,1.79174,0.0000,-0.5531,-0.195684,leg1_settle,1
0.6550,4.91298,1.69699,0.0000,-0.5070,-0.189512,leg1_settle,1
0.6600,4.92100,1.60507,0.0000,-0.4647,-0.183827,leg1_settle,1
0.6650,4.92858,1.51578,0.0000,-0.4260,-0.178587,leg1_settle,1
0.6700,4.93573,1.42890,0.0000,-0.3905,-0.173757,leg1_settle,1
0.6750,4.94245,1.34425,0.0000,-0.3580,-0.169301,leg1_settle,1
0.6800,4.94876,1.26166,0.0000,-0.3281,-0.165188,leg1_settle,1
0.6850,4.95466,1.18096,0.0000,-0.3008,-0.161391,leg1_settle,1
0.6900,4.96017,1.10202,0.0000,-0.2757,-0.157883,leg1_settle,1
0.6950,4.96529,1.02470,0.0000,-0.2528,-0.154640,leg1_settle,1
0.7000,4.97004,0.94888,0.0000,-0.2317,-0.151640,leg1_settle,1
0.7050,4.97441,0.87445,0.0000,-0.2124,-0.148863,leg1_settle,1
0.7100,4.97842,0.80130,0.0000,-0.1947,-0.146290,leg1_settle,1
0.7150,4.98206,0.72935,0.0000,-0.1785,-0.143904,leg1_settle,1
0.7200,4.98536,0.65851,0.0000,-0.1636,-0.141690,leg1_settle,1
0.7250,4.98830,0.58869,0.0000,-0.1500,-0.139634,leg1_settle,1
0.7300,4.99090,0.51983,0.0000,-0.1375,-0.137723,leg1_settle,1
0.7350,4.99316,0.45186,0.0000,-0.1260,-0.135943,leg1_settle,1
0.7400,4.99508,0.38471,0.0000,-0.1155,-0.134286,leg1_settle,1
0.7450,4.99667,0.31834,0.0000,-0.1059,-0.132740,leg1_settle,1
0.7500,4.99794,0.25270,0.0000,-0.0971,-0.131296,leg1_settle,1
0.7550,4.99888,0.18772,0.0000,-0.0890,-0.129946,leg1_settle,1
0.7600,4.99949,0.12338,0.0000,-0.0816,-0.128683,leg1_settle,1
0.7650,4.99979,0.05963,0.0000,-0.0748,-0.127498,leg1_settle,1
0.7700,4.99977,-0.00356,0.0000,-0.0685,-0.126386,leg1_settle,1
0.7750,4.99977,0.00000,0.0000,-0.0628,0.110020,leg1_settle,1
0.7800,4.99977,0.00000,0.0000,-0.0576,0.000000,leg1_settle,1
0.7850,4.99977,0.00000,0.0000,-0.0528,0.000000,leg1_settle,1
0.7900,4.99977,0.00000,0.0000,-0.0484,0.000000,leg1_settle,1
0.7950,4.99977,0.00000,0.0000,-0.0444,0.000000,leg1_settle,1
0.8000,4.99977,0.00000,0.0000,-0.0407,0.000000,leg1_settle,1
0.8050,4.99977,0.00000,0.0000,-0.0373,0.000000,leg1_settle,1
0.8100,4.99977,0.00000,0.0000,-0.0342,0.000000,leg1_settle,1
0.8150,4.99977,0.00000,0.0000,-0.0313,0.000000,leg1_settle,1
0.8200,4.99977,0.00000,0.0000,-0.0287,0.000000,leg1_settle,1
0.8250,4.99977,0.00000,0.0000,-0.0263,0.000000,leg1_settle,1
0.8300,4.99977,0.00000,0.0000,-0.0241,0.000000,leg1_settle,1
0.8350,4.99977,0.00000,0.0000,-0.0221,0.000000,leg1_settle,1
0.8400,4.99977,0.00000,0.0000,-0.0203,0.000000,leg1_settle,1
0.8450,4.99977,0.00000,0.0000,-0.0186,0.000000,leg1_settle,1
0.8500,4.99977,0.00000,0.0000,-0.0170,0.000000,leg1_settle,1
0.8550,4.99977,0.00000,0.0000,-0.0156,0.000000,leg1_settle,1
0.8600,4.99977,0.00000,0.0000,-0.0143,0.000000,leg1_settle,1
0.8650,4.99977,0.00000,0.0000,-0.0131,0.000000,leg1_settle,1
0.8700,4.99977,0.00000,0.0000,-0.0120,0.000000,leg1_settle,1
0.8750,4.99977,0.00000,-3.6960,-0.3190,0.000000,leg2_drive,0
0.8800,4.99977,0.00000,-3.6960,-0.6004,0.000000,leg2_drive,0
0.8850,4.99977,0.00000,-3.6960,-0.8584,0.000000,leg2_drive,0
0.8900,4.99973,-0.00809,-3.6960,-1.0949,-0.016188,leg2_drive,0
0.8950,4.99959,-0.02942,-3.6960,-1.3116,-0.042647,leg2_drive,0
0.9000,4.99927,-0.06283,-3.6960,-1.5103,-0.066825,leg2_drive,0
0.9050,4.99874,-0.10729,-3.6960,-1.6925,-0.088911,leg2_drive,0
0.9100,4.99793,-0.16182,-3.6960,-1.8594,-0.109079,leg2_drive,0
0.9150,4.99680,-0.22557,-3.6960,-2.0125,-0.127490,leg2_drive,0
0.9200,4.99531,-0.29772,-3.6960,-2.1528,-0.144290,leg2_drive,0
0.9250,4.99342,-0.37752,-3.6960,-2.2814,-0.159614,leg2_drive,0
0.9300,4.99110,-0.46432,-3.6960,-2.3993,-0.173586,leg2_drive,0
0.9350,4.98831,-0.55747,-3.6960,-2.5073,-0.186317,leg2_drive,0
0.9400,4.98503,-0.65643,-3.6960,-2.6064,-0.197912,leg2_drive,0
0.9450,4.98123,-0.76066,-3.6960,-2.6972,-0.208465,leg2_drive,0
0.9500,4.97688,-0.86969,-3.6960,-2.7804,-0.218065,leg2_drive,0
0.9550,4.97196,-0.98309,-3.6960,-2.8567,-0.226790,leg2_drive,0
0.9600,4.96646,-1.10045,-3.6960,-2.9267,-0.234713,leg2_drive,0
0.9650,4.96035,-1.22140,-3.6960,-2.9908,-0.241902,leg2_drive,0
0.9700,4.95363,-1.34561,-3.6960,-3.0495,-0.248418,leg2_drive,0
0.9750,4.94626,-1.47276,-3.6960,-3.1034,-0.254318,leg2_drive,0
0.9800,4.93825,-1.60259,-3.6960,-3.1528,-0.259652,leg2_drive,0
0.9850,4.92958,-1.73482,-3.6960,-3.1981,-0.264469,leg2_drive,0
0.9900,4.92023,-1.86923,-3.6960,-3.2396,-0.268811,leg2_drive,0
0.9950,4.91020,-2.00559,-3.6960,-3.2776,-0.272719,leg2_drive,0
1.0000,4.89948,-2.14370,-3.6960,-3.3125,-0.276229,leg2_drive,0
1.0050,4.88807,-2.28339,-3.6960,-3.3444,-0.279374,leg2_drive,0
1.0100,4.87594,-2.42448,-3.6960,-3.3737,-0.282185,leg2_drive,0
1.0150,4.86311,-2.56683,-3.6960,-3.4006,-0.284690,leg2_drive,0
1.0200,4.84956,-2.71029,-3.6960,-3.4252,-0.286915,leg2_drive,0
1.0250,4.83528,-2.85473,-3.6960,-3.4478,-0.288883,leg2_drive,0
1.0300,4.82028,-3.00004,-3.6960,-3.4685,-0.290615,leg2_drive,0
1.0350,4.80455,-3.14610,-3.6960,-3.4874,-0.292133,leg2_drive,0
1.0400,4.78809,-3.29283,-3.6960,-3.5048,-0.293453,leg2_drive,0
1.0450,4.77089,-3.44013,-3.6960,-3.5207,-0.294592,leg2_drive,0
1.0500,4.75295,-3.58791,-3.6960,-3.5353,-0.295566,leg2_drive,0
1.0550,4.73427,-3.73610,-3.6960,-3.5487,-0.296389,leg2_drive,0
1.0600,4.71485,-3.88464,-3.6960,-3.5610,-0.297073,leg2_drive,0
1.0650,4.69468,-4.03345,-3.6960,-3.5723,-0.297630,leg2_drive,0
1.0700,4.67377,-4.18249,-3.6960,-3.5826,-0.298071,leg2_drive,0
1.0750,4.65211,-4.33169,-3.6960,-3.5920,-0.298406,leg2_drive,0
1.0800,4.62970,-4.48101,-3.6960,-3.6007,-0.298644,leg2_drive,0
1.0850,4.60655,-4.63041,-3.6960,-3.6086,-0.298793,leg2_drive,0
1.0900,4.58265,-4.77984,-3.6960,-3.6159,-0.298861,leg2_drive,0
1.0950,4.55801,-4.92927,-3.6960,-3.6226,-0.298854,leg2_drive,0
1.1000,4.53261,-5.07866,-3.6960,-3.6287,-0.298780,leg2_drive,0
1.1050,4.50647,-5.22798,-3.6960,-3.6343,-0.298643,leg2_drive,0
1.1100,4.47959,-5.37720,-3.6960,-3.6395,-0.298450,leg2_drive,0
1.1150,4.45195,-5.52631,-3.6960,-3.6442,-0.298205,leg2_drive,0
1.1200,4.42358,-5.67526,-3.6960,-3.6485,-0.297912,leg2_drive,0
1.1250,4.39446,-5.82405,-3.6960,-3.6524,-0.297577,leg2_drive,0
1.1300,4.36459,-5.97265,-3.6960,-3.6561,-0.297202,leg2_drive,0
1.1350,4.33399,-6.12105,-3.6960,-3.6594,-0.296791,leg2_drive,0
1.1400,4.30264,-6.26922,-3.6960,-3.6625,-0.296347,leg2_drive,0
1.1450,4.27056,-6.41716,-3.6960,-3.6653,-0.295874,leg2_drive,0
1.1500,4.23773,-6.56484,-3.6960,-3.6678,-0.295373,leg2_drive,0
1.1550,4.20417,-6.71227,-3.6960,-3.6702,-0.294848,leg2_drive,0
1.1600,4.16987,-6.85942,-3.6960,-3.6723,-0.294300,leg2_drive,0
1.1650,4.13484,-7.00628,-3.6960,-3.6743,-0.293732,leg2_drive,0
1.1700,4.09908,-7.15286,-3.6960,-3.6761,-0.293145,leg2_drive,0
1.1750,4.06258,-7.29913,-3.6960,-3.6778,-0.292542,leg2_drive,0
1.1800,4.02536,-7.44509,-3.6960,-3.6793,-0.291923,leg2_drive,0
1.1850,3.98740,-7.59073,-3.6960,-3.6807,-0.291290,leg2_drive,0
1.1900,3.94872,-7.73606,-3.6960,-3.6820,-0.290645,leg2_drive,0
1.1950,3.90932,-7.88105,-3.6960,-3.6831,-0.289989,leg2_drive,0
1.2000,3.86919,-8.02571,-3.6960,-3.6842,-0.289323,leg2_drive,0
1.2050,3.82834,-8.17004,-3.6960,-3.6852,-0.288647,leg2_drive,0
1.2100,3.78677,-8.31402,-3.6960,-3.6861,-0.287964,leg2_drive,0
1.2150,3.74448,-8.45765,-3.6960,-3.6869,-0.287273,leg2_drive,0
1.2200,3.70148,-8.60094,-3.6960,-3.6877,-0.286575,leg2_drive,0
1.2250,3.65776,-8.74388,-3.6960,-3.6884,-0.285872,leg2_drive,0
1.2300,3.61333,-8.88646,-3.6960,-3.6890,-0.285164,leg2_drive,0
1.2350,3.56818,-9.02869,-3.6960,-3.6896,-0.284451,leg2_drive,0
1.2400,3.52233,-9.17055,-3.6960,-3.6901,-0.283734,leg2_drive,0
1.2450,3.47577,-9.31206,-3.6960,-3.6906,-0.283014,leg2_drive,0
1.2500,3.42850,-9.45320,-3.6960,-3.6911,-0.282290,leg2_drive,0
1.2550,3.38053,-9.59399,-3.6960,-3.6915,-0.281564,leg2_drive,0
1.2600,3.33186,-9.73441,-3.6960,-3.6919,-0.280836,leg2_drive,0
1.2650,3.28249,-9.87446,-3.6960,-3.6922,-0.280106,leg2_drive,0
1.2700,3.23242,-10.01415,-3.6960,-3.6925,-0.279375,leg2_drive,0
1.2750,3.18165,-10.15347,-3.6960,-3.6928,-0.278642,leg2_drive,0
1.2800,3.13019,-10.29242,-3.6960,-3.6931,-0.277908,leg2_drive,0
1.2850,3.07803,-10.43101,-3.6960,-3.6933,-0.277174,leg2_drive,0
1.2900,3.02519,-10.56923,-3.6960,-3.6935,-0.276439,leg2_drive,0
1.2950,2.97165,-10.70708,-3.6960,-3.6938,-0.275704,leg2_drive,0
1.3000,2.91743,-10.84456,-3.6960,-3.6939,-0.274969,leg2_drive,0
1.3050,2.86252,-10.98168,-3.6960,-3.6941,-0.274234,leg2_drive,0
1.3100,2.80693,-11.11843,-3.6960,-3.6943,-0.273499,leg2_drive,0
1.3150,2.75065,-11.25481,-3.6960,-3.6944,-0.272765,leg2_drive,0
1.3200,2.69370,-11.39083,-3.6960,-3.6945,-0.272031,leg2_drive,0
1.3250,2.63607,-11.52648,-3.6960,-3.6947,-0.271298,leg2_drive,0
1.3300,2.57776,-11.66176,-3.6960,-3.6948,-0.270565,leg2_drive,0
1.3350,2.51878,-11.79668,-3.6960,-3.6949,-0.269834,leg2_drive,0
1.3400,2.45912,-11.93123,-3.6960,-3.6950,-0.269103,leg2_drive,0
1.3450,2.39879,-12.06541,-3.6960,-3.6951,-0.268374,leg2_drive,0
1.3500,2.33780,-12.19924,-3.6960,-3.6951,-0.267645,leg2_drive,0
1.3550,2.27613,-12.33270,-3.6960,-3.6952,-0.266918,leg2_drive,0
1.3600,2.21380,-12.46579,-3.6960,-3.6953,-0.266192,leg2_drive,0
1.3650,2.15081,-12.59853,-3.6960,-3.6953,-0.265467,leg2_drive,0
1.3700,2.08716,-12.73090,-3.6960,-3.6954,-0.264744,leg2_drive,0
1.3750,2.02284,-12.86291,-3.6960,-3.6954,-0.264022,leg2_drive,0
1.3800,1.95787,-12.99456,-3.6960,-3.6955,-0.263302,leg2_drive,0
1.3850,1.89224,-13.12585,-3.6960,-3.6955,-0.262583,leg2_drive,0
1.3900,1.82596,-13.25679,-3.6960,-3.6956,-0.261866,leg2_drive,0
1.3950,1.75902,-13.38736,-3.6960,-3.6956,-0.261150,leg2_drive,0
1.4000,1.69143,-13.51758,-3.6960,-3.6956,-0.260436,leg2_drive,0
1.4050,1.62319,-13.64744,-3.6960,-3.6957,-0.259724,leg2_drive,0
1.4100,1.55431,-13.77695,-3.6960,-3.6957,-0.259013,leg2_drive,0
1.4150,1.48478,-13.90610,-3.6960,-3.6957,-0.258304,leg2_drive,0
1.4200,1.41460,-14.03490,-3.6960,-3.6958,-0.257596,leg2_drive,0
1.4250,1.34379,-14.16334,-3.6960,-3.6958,-0.256890,leg2_drive,0
1.4300,1.27233,-14.29143,-3.6960,-3.6958,-0.256186,leg2_drive,0
1.4350,1.20023,-14.41918,-3.6960,-3.6958,-0.255484,leg2_drive,0
1.4400,1.12750,-14.54657,-3.6960,-3.6958,-0.254783,leg2_drive,0
1.4450,1.05413,-14.67361,-3.6960,-3.6958,-0.254085,leg2_drive,0
1.4500,0.98013,-14.80030,-3.6960,-3.6959,-0.253388,leg2_drive,0
1.4550,0.90550,-14.92665,-3.6960,-3.6959,-0.252692,leg2_drive,0
1.4600,0.83024,-15.05265,-3.6960,-3.6959,-0.251999,leg2_drive,0
1.4650,0.75434,-15.17830,-3.6960,-3.6959,-0.251307,leg2_drive,0
1.4700,0.67783,-15.30361,-3.6960,-3.6959,-0.250617,leg2_drive,0
1.4750,0.60068,-15.42858,-3.6960,-3.6959,-0.249929,leg2_drive,0
1.4800,0.52292,-15.55320,-3.6960,-3.6959,-0.249243,leg2_drive,0
1.4850,0.44453,-15.67748,-3.6960,-3.6959,-0.248558,leg2_drive,0
1.4900,0.36552,-15.80141,-3.6960,-3.6959,-0.247876,leg2_drive,0
1.4950,0.28590,-15.92501,-3.6960,-3.6959,-0.247195,leg2_drive,0
1.5000,0.20566,-16.04827,-3.6960,-3.6959,-0.246516,leg2_drive,0
1.5050,0.12480,-16.17119,-3.6960,-3.6960,-0.245838,leg2_drive,0
1.5100,0.04333,-16.29377,-3.6960,-3.6960,-0.245163,leg2_drive,0
1.5150,-0.03875,-16.41602,-3.6960,-3.6960,-0.244489,leg2_drive,0
1.5200,-0.12144,-16.53792,-3.6960,-3.6960,-0.243817,leg2_drive,0
1.5250,-0.20474,-16.65950,-3.6960,-3.6960,-0.243147,leg2_drive,0
1.5300,-0.28864,-16.78074,-3.6960,-3.6960,-0.242479,leg2_drive,0
1.5350,-0.37315,-16.90164,-3.6960,-3.6960,-0.241813,leg2_drive,0
1.5400,-0.45826,-17.02222,-3.6960,-3.6960,-0.241148,leg2_drive,0
1.5450,-0.54397,-17.14246,-3.6960,-3.6960,-0.240485,leg2_drive,0
1.5500,-0.63028,-17.26237,-3.6960,-3.6960,-0.239824,leg2_drive,0
1.5550,-0.71719,-17.38195,-3.6960,-3.6960,-0.239165,leg2_drive,0
1.5600,-0.80470,-17.50121,-3.6960,-3.6960,-0.238507,leg2_drive,0
1.5650,-0.89280,-17.62013,-3.6960,-3.6960,-0.237852,leg2_drive,0
1.5700,-0.98134,-17.70819,2.9993,-3.1960,-0.176119,leg2_brake,0
1.5750,-1.07017,-17.76546,2.9993,-2.6960,-0.114535,leg2_brake,0
1.5800,-1.15914,-17.79357,2.9993,-2.2214,-0.056208,leg2_brake,0
1.5850,-1.24811,-17.79500,2.9993,-1.7863,-0.002867,leg2_brake,0
1.5900,-1.33697,-17.77205,2.9993,-1.3875,0.045901,leg2_brake,0
1.5950,-1.42560,-17.72681,2.9993,-1.0220,0.090473,leg2_brake,0
1.6000,-1.51391,-17.66121,2.9993,-0.6869,0.131199,leg2_brake,0
1.6050,-1.60180,-17.57701,2.9993,-0.3797,0.168396,leg2_brake,0
1.6100,-1.68917,-17.47583,2.9993,-0.0981,0.202360,leg2_brake,0
1.6150,-1.77597,-17.35915,2.9993,0.1600,0.233359,leg2_brake,0
1.6200,-1.86211,-17.22833,2.9993,0.3966,0.261641,leg2_brake,0
1.6250,-1.94754,-17.08462,2.9993,0.6135,0.287433,leg2_brake,0
1.6300,-2.03218,-16.92915,2.9993,0.8123,0.310942,leg2_brake,0
1.6350,-2.11600,-16.76297,2.9993,0.9946,0.332359,leg2_brake,0
1.6400,-2.19893,-16.58704,2.9993,1.1616,0.351859,leg2_brake,0
1.6450,-2.28094,-16.40224,2.9993,1.3148,0.369602,leg2_brake,0
1.6500,-2.36199,-16.20937,2.9993,1.4551,0.385735,leg2_brake,0
1.6550,-2.44203,-16.00917,2.9993,1.5838,0.400394,leg2_brake,0
1.6600,-2.52105,-15.80232,2.9993,1.7018,0.413700,leg2_brake,0
1.6650,-2.59899,-15.58944,2.9993,1.8099,0.425769,leg2_brake,0
1.6700,-2.67585,-15.37109,2.9993,1.9090,0.436702,leg2_brake,0
1.6750,-2.75159,-15.14779,2.9993,1.9999,0.446596,leg2_brake,0
1.6800,-2.82619,-14.92002,2.9993,2.0832,0.455537,leg2_brake,0
1.6850,-2.89963,-14.68822,2.9993,2.1595,0.463606,leg2_brake,0
1.6900,-2.97189,-14.45278,2.9993,2.2295,0.470875,leg2_brake,0
1.6950,-3.04296,-14.21407,2.9993,2.2936,0.477411,leg2_brake,0
1.7000,-3.11283,-13.97244,2.9993,2.3524,0.483277,leg2_brake,0
1.7050,-3.18147,-13.72817,2.9993,2.4063,0.488527,leg2_brake,0
1.7100,-3.24887,-13.48157,2.9993,2.4558,0.493215,leg2_brake,0
1.7150,-3.31504,-13.23287,2.9993,2.5010,0.497387,leg2_brake,0
1.7200,-3.37995,-12.98233,2.9993,2.5426,0.501087,leg2_brake,0
1.7250,-3.44360,-12.73015,2.9993,2.5806,0.504354,leg2_brake,0
1.7300,-3.50598,-12.47654,2.9993,2.6155,0.507224,leg2_brake,0
1.7350,-3.56709,-12.22167,2.9993,2.6475,0.509732,leg2_brake,0
1.7400,-3.62692,-11.96572,2.9993,2.6768,0.511908,leg2_brake,0
1.7450,-3.68547,-11.70883,2.9993,2.7037,0.513779,leg2_brake,0
1.7500,-3.74272,-11.45114,2.9993,2.7283,0.515372,leg2_brake,0
1.7550,-3.79868,-11.19279,2.9993,2.7509,0.516710,leg2_brake,0
1.7600,-3.85335,-10.93388,2.9993,2.7716,0.517814,leg2_brake,0
1.7650,-3.90673,-10.67453,2.9993,2.7906,0.518706,leg2_brake,0
1.7700,-3.95880,-10.41483,2.9993,2.8080,0.519401,leg2_brake,0
1.7750,-4.00958,-10.15487,2.9993,2.8239,0.519918,leg2_brake,0
1.7800,-4.05905,-9.89473,2.9993,2.8385,0.520271,leg2_brake,0
1.7850,-4.10722,-9.63450,2.9993,2.8519,0.520475,leg2_brake,0
1.7900,-4.15409,-9.37423,2.9993,2.8642,0.520542,leg2_brake,0
1.7950,-4.19966,-9.11398,2.9993,2.8755,0.520484,leg2_brake,0
1.8000,-4.24393,-8.85383,2.9993,2.8858,0.520311,leg2_brake,0
1.8050,-4.28690,-8.59381,2.9993,2.8952,0.520035,leg2_brake,0
1.8100,-4.32857,-8.33398,2.9993,2.9039,0.519662,leg2_brake,0
1.8150,-4.36894,-8.07438,2.9993,2.9119,0.519203,leg2_brake,0
1.8200,-4.40802,-7.81505,2.9993,2.9191,0.518664,leg2_brake,0
1.8250,-4.44580,-7.55602,2.9993,2.9258,0.518052,leg2_brake,0
1.8300,-4.48228,-7.29733,2.9993,2.9319,0.517374,leg2_brake,0
1.8350,-4.51748,-7.03901,2.9993,2.9376,0.516636,leg2_brake,0
1.8400,-4.55138,-6.78109,2.9993,2.9427,0.515843,leg2_brake,0
1.8450,-4.58400,-6.52359,2.9993,2.9474,0.515000,leg2_brake,0
1.8500,-4.61534,-6.26654,2.9993,2.9517,0.514111,leg2_brake,0
1.8550,-4.64539,-6.00995,2.9993,2.9557,0.513180,leg2_brake,0
1.8600,-4.67415,-5.75384,2.9993,2.9593,0.512212,leg2_brake,0
1.8650,-4.70165,-5.49824,2.9993,2.9627,0.511210,leg2_brake,0
1.8700,-4.72786,-5.24315,2.9993,2.9657,0.510176,leg2_brake,0
1.8750,-4.75280,-4.98859,2.9993,2.9685,0.509115,leg2_brake,0
1.8800,-4.77648,-4.73458,2.9993,2.9711,0.508027,leg2_brake,0
1.8850,-4.79888,-4.48112,2.9993,2.9734,0.506917,leg2_brake,0
1.8900,-4.82002,-4.22823,2.9993,2.9756,0.505786,leg2_brake,0
1.8950,-4.83990,-3.97591,2.9993,2.9776,0.504636,leg2_brake,0
1.9000,-4.85852,-3.72417,2.9993,2.9794,0.503469,leg2_brake,0
1.9050,-4.87589,-3.47303,2.9993,2.9810,0.502287,leg2_brake,0
1.9100,-4.89200,-3.22248,2.9993,2.9825,0.501091,leg2_brake,0
1.9150,-4.90686,-2.97254,2.9993,2.9839,0.499884,leg2_brake,0
1.9200,-4.92048,-2.72321,2.9993,2.9852,0.498665,leg2_brake,0
1.9250,-4.93285,-2.47449,2.9993,2.9864,0.497436,leg2_brake,0
1.9300,-4.94399,-2.22639,2.9993,2.9875,0.496200,leg2_brake,0
1.9350,-4.95388,-1.97891,2.9993,2.9885,0.494955,leg2_brake,0
1.9400,-4.96262,-1.74731,0.0000,2.7394,0.463211,leg2_settle,2
1.9450,-4.97027,-1.53027,0.0000,2.5111,0.434079,leg2_settle,2
1.9500,-4.97690,-1.32660,0.0000,2.3019,0.407343,leg2_settle,2
1.9550,-4.98258,-1.13520,0.0000,2.1100,0.382804,leg2_settle,2
1.9600,-4.98735,-0.95506,0.0000,1.9342,0.360280,leg2_settle,2
1.9650,-4.99128,-0.78525,0.0000,1.7730,0.339604,leg2_settle,2
1.9700,-4.99440,-0.62494,0.0000,1.6253,0.320624,leg2_settle,2
1.9750,-4.99677,-0.47334,0.0000,1.4898,0.303198,leg2_settle,2
1.9800,-4.99842,-0.32974,0.0000,1.3657,0.287196,leg2_settle,2
1.9850,-4.99939,-0.19349,0.0000,1.2519,0.272502,leg2_settle,2
1.9900,-4.99971,-0.06399,0.0000,1.1476,0.259006,leg2_settle,2
1.9950,-4.99941,0.05931,0.0000,1.0519,0.246608,leg2_settle,2
2.0000,-4.99911,0.05926,0.0000,0.9643,-0.000108,leg2_settle,2
2.0050,-4.99884,0.05429,0.0000,0.8839,-0.009933,leg2_settle,2
2.0100,-4.99862,0.04484,0.0000,0.8102,-0.018912,leg2_settle,2
2.0150,-4.99846,0.03128,0.0000,0.7427,-0.027116,leg2_settle,2
2.0200,-4.99839,0.01397,0.0000,0.6808,-0.034610,leg2_settle,2
2.0250,-4.99839,0.00000,0.0000,0.6241,-0.041452,leg2_settle,2
2.0300,-4.99839,0.00000,0.0000,0.5721,0.000000,leg2_settle,2
2.0350,-4.99839,0.00000,0.0000,0.5244,0.000000,leg2_settle,2
2.0400,-4.99839,0.00000,0.0000,0.4807,0.000000,leg2_settle,2
2.0450,-4.99839,0.00000,0.0000,0.4407,0.000000,leg2_settle,2
2.0500,-4.99839,0.00000,0.0000,0.4039,0.000000,leg2_settle,2
2.0550,-4.99839,0.00000,0.0000,0.3703,0.000000,leg2_settle,2
2.0600,-4.99839,0.00000,0.0000,0.3394,0.000000,leg2_settle,2
2.0650,-4.99839,0.00000,0.0000,0.3111,0.000000,leg2_settle,2
2.0700,-4.99839,0.00000,0.0000,0.2852,0.000000,leg2_settle,2
2.0750,-4.99839,0.00000,0.0000,0.2614,0.000000,leg2_settle,2
2.0800,-4.99839,0.00000,0.0000,0.2397,0.000000,leg2_settle,2
2.0850,-4.99839,0.00000,0.0000,0.2197,0.000000,leg2_settle,2
2.0900,-4.99839,0.00000,0.0000,0.2014,0.000000,leg2_settle,2
2.0950,-4.99839,0.00000,0.0000,0.1846,0.000000,leg2_settle,2
2.1000,-4.99839,0.00000,0.0000,0.1692,0.000000,leg2_settle,2
2.1050,-4.99839,0.00000,0.0000,0.1551,0.000000,leg2_settle,2
2.1100,-4.99839,0.00000,0.0000,0.1422,0.000000,leg2_settle,2
2.1150,-4.99839,0.00000,0.0000,0.1303,0.000000,leg2_settle,2
2.1200,-4.99839,0.00000,0.0000,0.1195,0.000000,leg2_settle,2
2.1250,-4.99839,0.00000,0.0000,0.1095,0.000000,leg2_settle,2
2.1300,-4.99839,0.00000,0.0000,0.1004,0.000000,leg2_settle,2
2.1350,-4.99839,0.00000,0.0000,0.0920,0.000000,leg2_settle,2
2.1400,-4.99839,0.00000,0.0000,0.0844,0.000000,leg2_settle,2
2.1450,-4.99839,0.00000,0.0000,0.0773,0.000000,leg2_settle,2
2.1500,-4.99839,0.00000,0.0000,0.0709,0.000000,leg2_settle,2
2.1550,-4.99839,0.00000,0.0000,0.0650,0.000000,leg2_settle,2
2.1600,-4.99839,0.00000,0.0000,0.0596,0.000000,leg2_settle,2
2.1650,-4.99839,0.00000,0.0000,0.0546,0.000000,leg2_settle,2
2.1700,-4.99839,0.00000,0.0000,0.0500,0.000000,leg2_settle,2
2.1750,-4.99839,0.00000,0.0000,0.0459,0.000000,leg2_settle,2
2.1800,-4.99839,0.00000,0.0000,0.0421,0.000000,leg2_settle,2
2.1850,-4.99839,0.00000,0.0000,0.0385,0.000000,leg2_settle,2
2.1900,-4.99839,0.00000,0.0000,0.0353,0.000000,leg2_settle,2
2.1950,-4.99839,0.00000,0.0000,0.0324,0.000000,leg2_settle,2
2.2000,-4.99839,0.00000,0.0000,0.0297,0.000000,leg2_settle,2
2.2050,-4.99839,0.00000,0.0000,0.0272,0.000000,leg2_settle,2
2.2100,-4.99839,0.00000,0.0000,0.0250,0.000000,leg2_settle,2
2.2150,-4.99839,0.00000,0.0000,0.0229,0.000000,leg2_settle,2
2.2200,-4.99839,0.00000,0.0000,0.0210,0.000000,leg2_settle,2
2.2250,-4.99839,0.00000,0.0000,0.0192,0.000000,leg2_settle,2
2.2300,-4.99839,0.00000,0.0000,0.0176,0.000000,leg2_settle,2
2.2350,-4.99839,0.00000,0.0000,0.0161,0.000000,leg2_settle,2
2.2400,-4.99839,0.00000,0.0000,0.0148,0.000000,leg2_settle,2
2.2450,-4.99839,0.00000,0.0000,0.0136,0.000000,leg2_settle,2
2.2500,-4.99839,0.00000,0.0000,0.0124,0.000000,leg2_settle,2
2.2550,-4.99839,0.00000,0.0000,0.0114,0.000000,leg2_settle,2
2.2600,-4.99839,0.00000,0.0000,0.0105,0.000000,leg2_settle,2
2.2650,-4.99839,0.00000,0.0000,0.0096,0.000000,leg2_settle,2
2.2700,-4.99839,0.00000,0.0000,0.0088,0.000000,leg2_settle,2
2.2750,-4.99839,0.00000,0.0000,0.0081,0.000000,leg2_settle,2
2.2800,-4.99839,0.00000,0.0000,0.0074,0.000000,leg2_settle,2
2.2850,-4.99839,0.00000,0.0000,0.0068,0.000000,leg2_settle,2
2.2900,-4.99839,0.00000,0.0000,0.0062,0.000000,leg2_settle,2
2.2950,-4.99839,0.00000,0.0000,0.0057,0.000000,leg2_settle,2
2.3000,-4.99839,0.00000,0.0000,0.0052,0.000000,leg2_settle,2
2.3050,-4.99839,0.00000,0.0000,0.0048,0.000000,leg2_settle,2
2.3100,-4.99839,0.00000,0.0000,0.0044,0.000000,leg2_settle,2
2.3150,-4.99839,0.00000,0.0000,0.0040,0.000000,leg2_settle,2
2.3200,-4.99839,0.00000,0.0000,0.0037,0.000000,leg2_settle,2
2.3250,-4.99839,0.00000,0.0000,0.0034,0.000000,leg2_settle,2
2.3300,-4.99839,0.00000,0.0000,0.0031,0.000000,leg2_settle,2
2.3350,-4.99839,0.00000,0.0000,0.0028,0.000000,leg2_settle,2
2.3400,-4.99839,0.00000,0.0000,0.0026,0.000000,leg2_settle,2
2.3450,-4.99839,0.00000,0.0000,0.0024,0.000000,leg2_settle,2
2.3500,-4.99839,0.00000,0.0000,0.0022,0.000000,leg2_settle,2
2.3550,-4.99839,0.00000,0.0000,0.0020,0.000000,leg2_settle,2
2.3600,-4.99839,0.00000,0.0000,0.0018,0.000000,leg2_settle,2
2.3650,-4.99839,0.00000,0.0000,0.0017,0.000000,leg2_settle,2
2.3700,-4.99839,0.00000,0.0000,0.0015,0.000000,leg2_settle,2
2.3750,-4.99839,0.00000,0.0000,0.0014,0.000000,leg2_settle,2
2.3800,-4.99839,0.00000,0.0000,0.0013,0.000000,leg2_settle,2
2.3850,-4.99839,0.00000,0.0000,0.0012,0.000000,leg2_settle,2
2.3900,-4.99839,0.00000,0.0000,0.0011,0.000000,leg2_settle,2
2.3950,-4.99839,0.00000,0.0000,0.0010,0.000000,leg2_settle,2
2.4000,-4.99839,0.00000,0.0000,0.0009,0.000000,leg2_settle,2
2.4050,-4.99839,0.00000,0.0000,0.0008,0.000000,leg2_settle,2
2.4100,-4.99839,0.00000,0.0000,0.0008,0.000000,leg2_settle,2
2.4150,-4.99839,0.00000,0.0000,0.0007,0.000000,leg2_settle,2
2.4200,-4.99839,0.00000,0.0000,0.0006,0.000000,leg2_settle,2
2.4250,-4.99839,0.00000,0.0000,0.0006,0.000000,leg2_settle,2
2.4300,-4.99839,0.00000,0.0000,0.0005,0.000000,leg2_settle,2
2.4350,-4.99839,0.00000,0.0000,0.0005,0.000000,leg2_settle,2
2.4400,-4.99839,0.00000,0.0000,0.0005,0.000000,leg2_settle,2
2.4450,-4.99839,0.00000,0.0000,0.0004,0.000000,leg2_settle,2
2.4500,-4.99839,0.00000,0.0000,0.0004,0.000000,leg2_settle,2
2.4550,-4.99839,0.00000,0.0000,0.0004,0.000000,leg2_settle,2
